patch_id,step,RMSD,Rg,phi_rms,E_steric,E_elec,E_hb,E_rama,E_contacts,E_torsion,hb_pairs,num_contacts,salt_bridge_count,total_loss,tunable_forces.k_contact_springs,tunable_forces.k_hbond,tunable_forces.k_ligand_interaction,seed
p53_Y220C_PhiKan083_Native_Validation_Ct0p05_HB16p0_Lig4p0_s3,2499.0,4.006271839141846,14.574012756347656,2.1401844024658203,0.0,-37.5988655090332,0.0,0.0,1566.571533203125,0.0,0.0,1375.0,23.0,1528.97265625,0.05,16.0,4.0,3
p53_Y220C_PhiKan083_Native_Validation_Ct0p05_HB16p0_Lig4p0_s7,2499.0,4.006271839141846,14.574012756347656,2.1401844024658203,0.0,-37.5988655090332,0.0,0.0,1566.571533203125,0.0,0.0,1375.0,23.0,1528.97265625,0.05,16.0,4.0,7
p53_Y220C_PhiKan083_Native_Validation_Ct0p05_HB16p0_Lig4p0_s11,2499.0,4.006271839141846,14.574012756347656,2.1401844024658203,0.0,-37.5988655090332,0.0,0.0,1566.571533203125,0.0,0.0,1375.0,23.0,1528.97265625,0.05,16.0,4.0,11
