tunable_forces.k_electrostatic_base,tunable_forces.k_hbond,tunable_forces.k_contact_springs,tunable_forces.k_rama,RMSD_median,RMSD_min,RMSD_std,Rg_median,Rg_min,Rg_std,total_loss_median,total_loss_min,total_loss_std
0.1,16.0,0.05,2.0,27.70684242248535,26.62829971313477,4.501201454874929,24.869112014770508,20.82793235778809,5.996618401370323,1278.9232177734375,873.7092895507812,243.68179055526292
0.2,16.0,0.05,2.0,27.70684242248535,26.62829971313477,4.501201454874929,24.869112014770508,20.82793235778809,5.996618401370323,1278.9232177734375,873.7092895507812,243.68179055526292
