patch_id,step,RMSD,Rg,phi_rms,E_steric,E_elec,E_hb,E_rama,E_contacts,E_torsion,hb_pairs,num_contacts,salt_bridge_count,total_loss,tunable_forces.k_contact_springs,tunable_forces.k_electrostatic_base,tunable_forces.k_hbond,tunable_forces.k_rama,seed
p53_R248Q_probe_FINAL_Ct0p05_Elec0p1_HB16p0_Rama2p0_s3,1499.0,27.70684242248535,24.869112014770508,1.752707600593567,,,,,1310.8236083984375,,,2395.0,,1310.8236083984375,0.05,0.1,16.0,2.0,3
p53_R248Q_probe_FINAL_Ct0p05_Elec0p1_HB16p0_Rama2p0_s7,1499.0,34.9077262878418,32.62757873535156,1.6345666646957395,,,,,873.7092895507812,,,1704.0,,873.7092895507812,0.05,0.1,16.0,2.0,7
p53_R248Q_probe_FINAL_Ct0p05_Elec0p1_HB16p0_Rama2p0_s11,1499.0,26.62829971313477,20.82793235778809,1.698320388793945,,,,,1278.9232177734375,,,2134.0,,1278.9232177734375,0.05,0.1,16.0,2.0,11
p53_R248Q_probe_FINAL_Ct0p05_Elec0p2_HB16p0_Rama2p0_s3,1499.0,27.70684242248535,24.869112014770508,1.752707600593567,,,,,1310.8236083984375,,,2395.0,,1310.8236083984375,0.05,0.2,16.0,2.0,3
p53_R248Q_probe_FINAL_Ct0p05_Elec0p2_HB16p0_Rama2p0_s7,1499.0,34.9077262878418,32.62757873535156,1.6345666646957395,,,,,873.7092895507812,,,1704.0,,873.7092895507812,0.05,0.2,16.0,2.0,7
p53_R248Q_probe_FINAL_Ct0p05_Elec0p2_HB16p0_Rama2p0_s11,1499.0,26.62829971313477,20.82793235778809,1.698320388793945,,,,,1278.9232177734375,,,2134.0,,1278.9232177734375,0.05,0.2,16.0,2.0,11
