tunable_forces.k_hbond,tunable_forces.k_contact_springs,RMSD_median,RMSD_min,RMSD_std,Rg_median,Rg_min,Rg_std,total_loss_median,total_loss_min,total_loss_std
14.0,0.04,31.447471618652344,25.381052017211918,5.238377807640201,24.84392738342285,20.65821647644043,6.200980743883381,2096.696044921875,1145.826904296875,574.5855125428337
14.0,0.05,31.44797134399414,25.382448196411133,5.235833474299803,24.843021392822266,20.6590633392334,6.199115030531458,2616.30908203125,1477.5849609375,689.7630557982918
14.0,0.06,31.451505661010746,25.38309669494629,5.235428637280826,24.84332656860352,20.65980529785156,6.199459613423778,2812.84326171875,1787.6361083984375,762.8557404718778
16.0,0.04,31.447471618652344,25.381052017211918,5.238377807640201,24.84392738342285,20.65821647644043,6.200980743883381,2096.696044921875,1145.826904296875,574.5855125428337
16.0,0.05,31.44797134399414,25.382448196411133,5.235833474299803,24.843021392822266,20.6590633392334,6.199115030531458,2616.30908203125,1477.5849609375,689.7630557982918
16.0,0.06,31.451505661010746,25.38309669494629,5.235428637280826,24.84332656860352,20.65980529785156,6.199459613423778,2812.84326171875,1787.6361083984375,762.8557404718778
18.0,0.04,31.447471618652344,25.381052017211918,5.238377807640201,24.84392738342285,20.65821647644043,6.200980743883381,2096.696044921875,1145.826904296875,574.5855125428337
18.0,0.05,31.44797134399414,25.382448196411133,5.235833474299803,24.843021392822266,20.6590633392334,6.199115030531458,2616.30908203125,1477.5849609375,689.7630557982918
18.0,0.06,31.451505661010746,25.38309669494629,5.235428637280826,24.84332656860352,20.65980529785156,6.199459613423778,2812.84326171875,1787.6361083984375,762.8557404718778
