tunable_forces.k_hbond,tunable_forces.k_contact_springs,tunable_forces.k_ligand_interaction,RMSD_median,RMSD_min,RMSD_std,Rg_median,Rg_min,Rg_std,total_loss_median,total_loss_min,total_loss_std
16.0,0.05,1.0,31.41390037536621,25.706336975097656,5.084527571105985,24.690603256225582,20.534086227416992,6.240149247960097,2617.12890625,1247.031982421875,796.2645808778141
16.0,0.05,2.0,31.41390037536621,25.706336975097656,5.084527571105985,24.690603256225582,20.534086227416992,6.240149247960097,2617.12890625,1247.031982421875,796.2645808778141
16.0,0.05,4.0,31.41390037536621,25.706336975097656,5.084527571105985,24.690603256225582,20.534086227416992,6.240149247960097,2617.12890625,1247.031982421875,796.2645808778141
