patch_id,step,RMSD,Rg,phi_rms,E_steric,E_elec,E_hb,E_rama,E_contacts,E_torsion,hb_pairs,num_contacts,salt_bridge_count,total_loss,tunable_forces.k_contact_springs,tunable_forces.k_hbond,tunable_forces.k_ligand_interaction,seed
p53_Y220C_PhiKan083_Rescue_v1_Ct0p05_HB16p0_Lig1p0_s3,2499.0,31.41390037536621,24.690603256225582,1.7167948484420776,0.0,-59.75902938842773,0.0,0.0,2676.887939453125,0.0,0.0,3253.0,88.0,2617.12890625,0.05,16.0,1.0,3
p53_Y220C_PhiKan083_Rescue_v1_Ct0p05_HB16p0_Lig1p0_s7,2499.0,35.848812103271484,32.80356216430664,1.6791201829910278,0.0,-85.28868865966797,0.0,0.0,1332.3206787109375,0.0,0.0,2016.0,70.0,1247.031982421875,0.05,16.0,1.0,7
p53_Y220C_PhiKan083_Rescue_v1_Ct0p05_HB16p0_Lig1p0_s11,2499.0,25.706336975097656,20.534086227416992,1.728608012199402,0.0,-134.81710815429688,0.0,0.0,2769.91796875,0.0,0.0,2981.0,60.0,2635.100830078125,0.05,16.0,1.0,11
p53_Y220C_PhiKan083_Rescue_v1_Ct0p05_HB16p0_Lig2p0_s3,2499.0,31.41390037536621,24.690603256225582,1.7167948484420776,0.0,-59.75902938842773,0.0,0.0,2676.887939453125,0.0,0.0,3253.0,88.0,2617.12890625,0.05,16.0,2.0,3
p53_Y220C_PhiKan083_Rescue_v1_Ct0p05_HB16p0_Lig2p0_s7,2499.0,35.848812103271484,32.80356216430664,1.6791201829910278,0.0,-85.28868865966797,0.0,0.0,1332.3206787109375,0.0,0.0,2016.0,70.0,1247.031982421875,0.05,16.0,2.0,7
p53_Y220C_PhiKan083_Rescue_v1_Ct0p05_HB16p0_Lig2p0_s11,2499.0,25.706336975097656,20.534086227416992,1.728608012199402,0.0,-134.81710815429688,0.0,0.0,2769.91796875,0.0,0.0,2981.0,60.0,2635.100830078125,0.05,16.0,2.0,11
p53_Y220C_PhiKan083_Rescue_v1_Ct0p05_HB16p0_Lig4p0_s3,2499.0,31.41390037536621,24.690603256225582,1.7167948484420776,0.0,-59.75902938842773,0.0,0.0,2676.887939453125,0.0,0.0,3253.0,88.0,2617.12890625,0.05,16.0,4.0,3
p53_Y220C_PhiKan083_Rescue_v1_Ct0p05_HB16p0_Lig4p0_s7,2499.0,35.848812103271484,32.80356216430664,1.6791201829910278,0.0,-85.28868865966797,0.0,0.0,1332.3206787109375,0.0,0.0,2016.0,70.0,1247.031982421875,0.05,16.0,4.0,7
p53_Y220C_PhiKan083_Rescue_v1_Ct0p05_HB16p0_Lig4p0_s11,2499.0,25.706336975097656,20.534086227416992,1.728608012199402,0.0,-134.81710815429688,0.0,0.0,2769.91796875,0.0,0.0,2981.0,60.0,2635.100830078125,0.05,16.0,4.0,11
