tunable_forces.k_hbond,tunable_forces.k_contact_springs,RMSD_median,RMSD_min,RMSD_std,Rg_median,Rg_min,Rg_std,total_loss_median,total_loss_min,total_loss_std
14.0,0.04,27.63590431213379,26.1059684753418,4.7039702248049675,24.69833755493164,20.69519424438477,6.033456433132214,2041.8646240234373,1162.8028564453125,521.829137450911
14.0,0.05,27.63446044921875,26.105690002441406,4.703342538613159,24.69764709472656,20.696006774902344,6.031611462850449,2615.9892578125,1455.404052734375,699.8603457122014
14.0,0.06,27.63367080688477,26.106584548950195,4.704827512705617,24.6978702545166,20.69664001464844,6.032756341122712,3175.03759765625,1731.8743896484375,855.6508332936812
16.0,0.04,27.63590431213379,26.1059684753418,4.7039702248049675,24.69833755493164,20.69519424438477,6.033456433132214,2041.8646240234373,1162.8028564453125,521.829137450911
16.0,0.05,27.63446044921875,26.105690002441406,4.703342538613159,24.69764709472656,20.696006774902344,6.031611462850449,2615.9892578125,1455.404052734375,699.8603457122014
16.0,0.06,27.63367080688477,26.106584548950195,4.704827512705617,24.6978702545166,20.69664001464844,6.032756341122712,3175.03759765625,1731.8743896484375,855.6508332936812
18.0,0.04,27.63590431213379,26.1059684753418,4.7039702248049675,24.69833755493164,20.69519424438477,6.033456433132214,2041.8646240234373,1162.8028564453125,521.829137450911
18.0,0.05,27.63446044921875,26.105690002441406,4.703342538613159,24.69764709472656,20.696006774902344,6.031611462850449,2615.9892578125,1455.404052734375,699.8603457122014
18.0,0.06,27.63367080688477,26.106584548950195,4.704827512705617,24.6978702545166,20.69664001464844,6.032756341122712,3175.03759765625,1731.8743896484375,855.6508332936812
